<?xml version="1.0" encoding="utf-8"?>
<extension type="module" version="2.5.0" position="status" method="upgrade">
	<name>Modulo Base</name>
	<author>@Javi_Mata</author>
	<creationDate>August 2016</creationDate>
	<copyright>Copyright (C) 2016 - All rights reserved.</copyright>
	<license>http://www.gnu.org/licenses/gpl-2.0.html GNU/GPL</license>
	<authorEmail>javimata@gmail.com</authorEmail>
	<authorUrl>www.javimata.com</authorUrl>
	<version>1.0</version>
	<description><![CDATA[Modulo base de prueba]]></description>
	<files>
		<folder>css</folder>
		<folder>js</folder>
		<folder>tmpl</folder>
		<filename module="mod_modulo">mod_modulo.php</filename>
	</files>
	<config>
		<fields name="params">
			<fieldset name="basic">
				<field name="moduleclass_sfx" type="text" default="" label="Sufijo de tabla" />
				<field name="texto" type="text" default="" label="Texto" description="Texto a mostrar en la vista" />

				<field name="layout" type="modulelayout" label="JFIELD_ALT_LAYOUT_LABEL" description="JFIELD_ALT_MODULE_LAYOUT_DESC" />

			</fieldset>
		</fields>
	</config>
</extension>